<?xml version="1.0" encoding="UTF-8"?>
<!DOCTYPE hibernate-configuration PUBLIC "-//Hibernate/Hibernate Configuration DTD 3.0//EN"
                                         "http://hibernate.sourceforge.net/hibernate-configuration-3.0.dtd">
<hibernate-configuration>
 <session-factory name="sessionFactory">
  <property name="hibernate.connection.driver_class">com.mysql.jdbc.Driver</property>
  <property name="hibernate.connection.url">jdbc:mysql://localhost:3306/shoppingcart</property>
  <property name="hibernate.connection.username">root</property>
  <property name="hibernate.connection.password">root</property>
  <property name="hibernate.hbm2ddl.auto">update</property>
  <property name="hibernate.dialect">org.hibernate.dialect.MySQL5Dialect</property>
  <property name="hibernate.show_sql">true</property>
  
  <mapping class="com.neu.naam.pojo.User"/>
  <mapping class="com.neu.naam.pojo.Email"/>
  <mapping class="com.neu.naam.pojo.Person"/>
  <mapping class="com.neu.naam.pojo.Advert"/>
  <mapping class="com.neu.naam.pojo.Category"/>
  <mapping class="com.neu.naam.pojo.Cart"/>
 </session-factory>
</hibernate-configuration>
